{"cameraMode":{"drawMode":0,"name":"Shaded","section":"Shading Mode"},"sceneLighting":true,"audioPlay":false,"sceneViewState":{"m_AlwaysRefresh":false,"showFog":true,"showSkybox":true,"showFlares":true,"showImageEffects":true,"showParticleSystems":true,"showVisualEffectGraphs":true,"m_FxEnabled":true},"in2DMode":false,"pivot":{"x":2.7546920776367189,"y":-55.841705322265628,"z":-40.51873779296875},"rotation":{"x":-0.02200837805867195,"y":0.9117586612701416,"z":-0.40716660022735598,"w":-0.049282923340797427},"size":20.604198455810548,"orthographic":false}