{"cameraMode":{"drawMode":0,"name":"Shaded","section":"Shading Mode"},"sceneLighting":true,"audioPlay":false,"sceneViewState":{"m_AlwaysRefresh":false,"showFog":true,"showSkybox":true,"showFlares":true,"showImageEffects":true,"showParticleSystems":true,"showVisualEffectGraphs":true,"m_FxEnabled":true},"in2DMode":false,"pivot":{"x":32.348731994628909,"y":220.6705780029297,"z":-167.3817138671875},"rotation":{"x":0.42639660835266116,"y":-0.05286797881126404,"z":0.02497727982699871,"w":0.9026513695716858},"size":5.726734161376953,"orthographic":false}