{"cameraMode":{"drawMode":0,"name":"Shaded","section":"Shading Mode"},"sceneLighting":true,"audioPlay":false,"sceneViewState":{"m_AlwaysRefresh":false,"showFog":true,"showSkybox":true,"showFlares":true,"showImageEffects":true,"showParticleSystems":true,"showVisualEffectGraphs":true,"m_FxEnabled":true},"in2DMode":false,"pivot":{"x":1.873800277709961,"y":-5.118919372558594,"z":-53.62628173828125},"rotation":{"x":0.0005531437345780432,"y":0.9980691075325012,"z":-0.061458755284547809,"w":0.008982863277196885},"size":18.125797271728517,"orthographic":false}